Clamator coromandus	42
Alauda arvensis/gulgula	2
Ardenna carneipes	49
Ichthyophaga ichthyaetus	48
Otus lettia	27
Aythya nyroca	188
Aegithalos iouschistos	14
Anatidae sp.	55
Cinclidium leucurum	31
Xenus cinereus	221
Horornis flavolivaceus	37
Catreus wallichii	11
Accipiter butleri	1
Merops apiaster	17
Psittacula eupatria	527
Hydroprogne caspia	190
Elachura formosa	20
Corvus macrorhynchos	10495
Dryocopus javensis	174
Aviceda leuphotes	67
Psilopogon malabaricus/haemacephalus	12
Anthus trivialis	250
Ardea alba	3151
Acridotheres grandis	164
Rhyticeros undulatus	32
Tarsiger chrysaeus	28
Dendrocitta formosae	370
Carpodacus sp.	10
Rynchops albicollis	19
Locustella certhiola	9
Dicrurus annectans	21
Nisaetus cirrhatus	427
Mycteria leucocephala	1764
Glareola sp.	7
Ichthyaetus ichthyaetus	191
Zosterops palpebrosus	2820
Yuhina flavicollis	222
Certhia himalayana	223
Lanius isabellinus	143
Dendrocitta leucogastra	525
Scolopacidae sp. (large shorebird sp.)	3
Ploceus philippinus	1661
Pyrrhula aurantiaca	9
Hydrobatidae sp.	9
Treron apicauda	59
Vanellus cinereus	139
Zapornia pusilla	117
Chloropsis cochinchinensis	50
Sitta himalayensis	209
Chroicocephalus genei	76
Emberiza sp.	12
Calidris falcinellus	52
Artamus fuscus	1913
Arborophila atrogularis	30
Cyornis tickelliae	1460
Ardenna tenuirostris	1
Platalea leucorodia	708
Hemicircus canente	421
Ardea alba/Mesophoyx intermedia	97
Francolinus gularis	33
Spilornis klossi	3
Monticola cinclorhynchus	413
Centropus sp.	23
Picus squamatus	66
Pteruthius xanthochlorus	27
Hydrornis nipalensis	25
Falco severus	6
Calidris alba	118
Dicaeum agile	461
Clanga hastata	225
Onychoprion anaethetus	143
Calidris tenuirostris	22
Caprimulgus sp.	3
Carduelis flavirostris	27
Picus chlorolophus	471
Eumyias thalassinus	732
Dendrocopos nanus	671
Hirundinidae sp.	440
Psittiparus ruficeps	13
Anas sp. (teal sp.)	41
Thalasseus bengalensis	182
Pelecanus crispus	48
Aythya ferina	308
Ducula sp.	28
Acridotheres ginginianus	593
Circus aeruginosus	1260
Cacomantis merulinus/passerinus	2
Pomatorhinus superciliaris	25
Pyrrhula nipalensis	16
Lerwa lerwa	7
Oenanthe oenanthe	2
Iduna/Hippolais/Acrocephalus sp.	75
Dendrocopos auriceps	168
Pelecanus sp.	5
Merops leschenaulti	1268
Phylloscopus occipitalis	215
Tringa sp.	130
Alcippe ludlowi	24
Oriolus traillii	177
Phaenicophaeus viridirostris	863
Prinia atrogularis	33
Zoonavena sylvatica	145
Ficedula parva	460
Ceryle rudis	1955
Gallinago megala	3
Sitta cashmirensis	10
Chrysococcyx maculatus	13
Sula dactylatra	17
Streptopelia orientalis	629
Turdoides striata/affinis	1
Napothera epilepidota	14
Stercorarius sp. (skua sp.)	8
Lonchura malacca	756
Calandrella dukhunensis	27
Ocyceros griseus	1178
Phylloscopus griseolus	110
Picumnus innominatus	139
Niltava macgrigoriae	153
Falco naumanni/tinnunculus	3
Spelaeornis longicaudatus	2
Columba palumbus	6
Ianthocincla cineracea	3
Zoothera mollissima/salimalii	34
Lonchura kelaarti	229
Falco jugger	46
Aquila rapax	187
Megapodius nicobariensis	1
Merops sp.	97
Polyplectron germaini	1
Stercorarius antarcticus	3
Ichthyaetus hemprichii	1
Dicrurus andamanensis	54
Podiceps nigricollis	11
Phoenicopterus roseus	333
Circaetus gallicus	465
Cacomantis sonneratii	196
Anser fabalis	1
Picus flavinucha	166
Enicurus schistaceus	30
Sternula albifrons/saundersi	79
Tragopan blythii	13
Gracula indica	1448
Pycnonotus leucogenys	790
Dinopium sp.	45
Perdicula asiatica/argoondah	8
Sylvia crassirostris	28
Rallina canningi	7
Laridae sp.	20
Delichon sp.	1
Nisaetus kelaarti	30
Meleagris gallopavo	1
Gyps indicus	97
Aegithina tiphia	3754
Turdidae sp.	39
Phylloscopus trochiloides	1744
Eurystomus orientalis	190
Lanius vittatus	902
Dicrurus bracteatus	2
Mycerobas melanozanthos	23
Montifringilla adamsi	57
Alaudidae sp.	171
Cochoa purpurea	12
Centropus sinensis	8394
Motacilla cinerea	2109
Ocyceros birostris	1667
Columba palumboides	18
Galloperdix spadicea	566
Pelargopsis capensis	1561
Yuhina sp.	4
Corvus corax	50
Columba eversmanni	8
Metopidius indicus	1768
Tesia olivea	35
Mirafra assamica	104
Ploceus sp.	18
Circus cyaneus	28
Nucifraga caryocatactes	26
Pericrocotus flammeus	1783
Emberiza leucocephalos	1
Corvus corone	11
Calliope pectoralis	43
Cairina moschata	1
Vanellus indicus	7301
Apodidae sp. (large swift sp.)	42
Caprimulgus mahrattensis	10
Glareola pratincola	7
Dicaeum erythrorhynchos	4114
Prinia sylvatica	467
Centropus bengalensis	115
Psilopogon franklinii	57
Hydrobatidae sp. (white-rumped)	1
Riparia riparia/diluta	14
Enicurus maculatus	150
Oenanthe pleschanka	2
Circus sp.	89
Eremophila alpestris	62
Larus fuscus	194
Ianthocincla ruficollis	40
Turdus albocinctus	51
Chlidonias niger	3
Lonchura sp.	150
Falco tinnunculus	999
Anastomus oscitans	2503
Cholornis unicolor	6
Brachypteryx hyperythra	12
Trochalopteron subunicolor	21
Sterna dougallii	5
Spilornis elgini	19
Cacomantis merulinus	58
Alaudala raytal	50
Antigone antigone	207
Turdus atrogularis	33
Accipiter gentilis	10
Bubo nipalensis	38
Oriolus kundoo	2896
Pycnonotus jocosus	8892
Larvivora brunnea	221
Motacilla alba	1243
Cyanoderma ambiguum	72
Hydroprogne/Thalasseus sp.	73
Falco columbarius	6
Anthipes monileger	25
Cecropis daurica/striolata	9
Buteo/eagle sp.	27
Cettia major	13
Turdus rubrocanus	19
Oriolus oriolus	1
Iduna caligata	606
Ardeola bacchus	7
Charadrius alexandrinus	499
Podiceps grisegena	2
Gallus gallus	393
Turdus ruficollis	2
Ptyonoprogne rupestris	63
Galerida cristata	226
Pnoepyga pusilla	61
Urocissa flavirostris/erythroryncha	3
Otus scops	1
Treron affinis	678
Hirundo domicola	161
Cyornis nicobaricus	4
Clangula hyemalis	1
Acrocephalus concinens	6
Timaliidae sp.	25
Harpactes wardi	7
Glaucidium radiatum	975
Ducula badia	425
Lanius schach	2336
Passer domesticus	3421
Egretta/Bubulcus sp.	978
Phyllergates cucullatus	37
Micropternus brachyurus	547
Anas sp.	7
Oceanites oceanicus	88
Phoenicurus fuliginosus	352
Actitis hypoleucos/macularius	1
Tragopan melanocephalus	1
Mergellus albellus	8
Dicrurus hottentottus	576
Chloris ambigua	6
Fregata andrewsi	1
Tephrodornis sylvicola	470
Dicrurus leucophaeus	2640
Prinia inornata	3136
Lonchura molucca	1
Certhia discolor	24
Macropygia unchall	59
Pomatorhinus schisticeps	80
Sitta castanea/cinnamoventris	2
Dendrocopos hyperythrus	59
Euodice malabarica	1550
Saxicola maurus	1076
Lyncornis macrotis	28
Mycerobas affinis	10
Orthotomus atrogularis	44
Sterna sp.	25
Anthus sp.	327
Phalaropus lobatus	9
Bucephala clangula	1
Pternistis/Francolinus/Peliperdix/Scleroptila sp.	17
Pelecanus onocrotalus	71
Turdus merula	1
Gallinago stenura/megala	1
Botaurus stellaris	3
Saxicola leucurus	26
Bulweria fallax	5
Lophotriorchis kienerii	130
Remiz coronatus	1
Otus bakkamoena	234
Caprimulgus macrurus	65
Turdus maximus	10
Phoenicurus erythronotus	1
Luscinia svecica	397
Ficedula hyperythra	40
Spelaeornis badeigularis	17
Ploceus manyar	318
Phylloscopus nitidus/trochiloides	962
Hirundo tahitica	23
Pericrocotus ethologus	270
Porzana porzana	8
Microhierax melanoleucos	13
Garrulax monileger	33
Anthus richardi	127
Psittacula sp.	1
Garrulax/Ianthocincla/Trochalopteron sp.	43
Phylloscopus sindianus	34
Spinus spinus	1
Seicercus affinis	16
Mixornis gularis	218
Dendrocopos atratus	1
Caprimulgus indicus/jotaka	3
Ianthocincla ocellata	21
Dendrocitta vagabunda	6716
Glaucidium cuculoides/radiatum	3
Psilopogon zeylanicus	962
Ficedula sordida	7
Gallus sonneratii	1920
Anser sp. (Domestic type)	2
Acrocephalus agricola	225
Calidris minuta	659
Passer pyrrhonotus	34
Pandion haliaetus	449
Clamator jacobinus	870
Emberiza striolata	20
Charadrius dubius	1272
Erpornis zantholeuca	79
Sylvia althaea/curruca	10
Serinus thibetanus	5
Vanellus duvaucelii	252
Anas querquedula	1034
Anthus nilghiriensis	45
Psilopogon haemacephalus	4116
Sylvia hortensis/crassirostris	1
Hypsipetes leucocephalus	544
Pteruthius melanotis	37
Dicaeum agile/erythrorhynchos	1
Locustella thoracica	16
Dicaeum chrysorrheum	32
Luscinia phaenicuroides	9
Turnix suscitator	160
Sturnidae sp.	20
Turdus dissimilis	17
Pelecanus philippensis	854
Trochalopteron erythrocephalum	154
Abroscopus schisticeps	97
Certhia manipurensis	1
Terpsiphone affinis	1
Apus pacificus/salimalii/leuconyx/cooki	2
Muscicapa dauurica	864
Copsychus saularis	8545
Actinodura nipalensis	23
Zoothera marginata	3
Hieraaetus pennatus	631
Stachyris oglei	4
Sporaeginthus formosus	3
Orthotomus sutorius	8780
Esacus recurvirostris	91
Psilopogon malabaricus	891
Psarisomus dalhousiae	64
Prinia superciliaris	1
Aceros nipalensis	38
Emberiza spodocephala	14
Halcyon pileata	105
Psittacula caniceps	3
Chloris spinoides	122
Anser erythropus	1
Lalage melaschistos	135
Iole virescens	7
Machlolophus xanthogenys	175
Leptoptilos javanicus/dubius	2
Pycnonotus sp.	30
Anas querquedula/crecca	1
Sitta formosa	13
Columba pulchricollis	7
Ardeidae sp.	54
Suthora fulvifrons	3
Psittiparus bakeri	2
Nectariniidae sp. (sunbird sp.)	630
Parus monticolus	445
Saroglossa spiloptera	19
Anas platyrhynchos	120
Certhia sp.	10
Turdoides earlei	141
Pyrrhula erythrocephala	18
Cyanoderma chrysaeum	54
Horornis fortipes	119
Dumetia hyperythra	522
Turdoides longirostris	4
Hydrophasianus chirurgus	899
Dicrurus sp.	242
Machlolophus spilonotus	61
Phalacrocoracidae sp.	705
Sylvia curruca	539
Columba livia	7658
Calidris temminckii	457
Cuculus canorus	213
Cyornis pallipes	309
Ardea cinerea	3331
Gruidae sp.	1
Zapornia akool	57
Dendrocopos canicapillus	181
Mirafra cantillans	30
Paradoxornis guttaticollis	4
Locustella davidi	13
Horornis sp.	9
Arborophila torqueola	117
Anous stolidus	8
Synoicus/Coturnix sp.	44
Regulus regulus	23
Cyornis poliogenys	89
Pericrocotus roseus	47
Enicurus immaculatus	66
Pericrocotus brevirostris	46
Brachypteryx major	18
Chalcophaps indica	977
Phoenicurus schisticeps	1
Ictinaetus malaiensis	547
Strix aluco	1
Treron phoenicopterus	1015
Porphyrio poliocephalus	2943
Psilopogon viridis	8126
Motacilla sp.	152
Cephalopyrus flammiceps	13
Ficedula hodgsoni	14
Nucifraga multipunctata	17
Alaemon alaudipes	3
Anthus richardi/rufulus	1
Haliaeetus leucoryphus	102
Anthus rufulus	2036
Irena puella	997
Ciconiidae sp.	7
Netta rufina	179
Phoenicurus sp.	6
Tickellia hodgsoni	16
Cettia cetti	3
Turnix sylvaticus	7
Phaenicophaeus tristis	127
Rallina [undescribed form]	1
Emberiza pusilla	25
Phoenicurus hodgsoni	24
Ninox scutulata	209
Trochalopteron fairbanki	128
Pteruthius rufiventer	19
Aythya fuligula	226
Dinopium javanense	155
Pluvialis sp.	4
Agropsar sturninus	3
Apus affinis	1723
Gallinago gallinago	479
Leptocoma brasiliana	1
Otus alius	4
Ixobrychus cinnamomeus	294
Coturnix coturnix	20
Anthracoceros coronatus	326
Motacilla flava	1500
Sturnia erythropygia	38
Pterocles orientalis	2
Ixos mcclellandii	77
Pnoepyga albiventer	42
Sitta sp.	18
Larus argentatus	2
Heterophasia gracilis	29
Spelaeornis chocolatinus	4
Pterocles senegallus	1
Turdus eunomus	1
Numenius arquata	283
Artamus leucorynchus	7
Dicaeum cruentatum	116
Stercorarius pomarinus	14
Podiceps cristatus	85
Prinia rufescens	20
Pycnonotus atriceps	6
Carpodacus edwardsii	8
Sitta castanea	124
Locustella luteoventris	5
Chrysomma sinense	666
Bucanetes githagineus	3
Tarsiger cyanurus	6
Tringa erythropus	225
Cuculus canorus/optatus	2
Monticola solitarius	258
Batrachostomus hodgsoni	11
Sasia ochracea	36
Corvus monedula	9
Puffinus persicus	8
Anthus trivialis/hodgsoni	3
Falco sp. (large falcon sp.)	1
Saxicola insignis	5
Locustella mandelli	14
Eudynamys scolopaceus	7410
Heterophasia pulchella	81
Anas zonorhyncha	8
Oenanthe xanthoprymna	16
Mycerobas carnipes	8
Muscicapa muttui	340
Rhipidura aureola	448
Yuhina gularis	89
Cinclus pallasii	101
Passer rutilans	246
Spilornis cheela	1923
Strix ocellata	117
Ithaginis cruentus	4
Larinae sp.	163
Asio otus	1
Larvivora cyane	1
Strigiformes sp.	62
Tringa totanus	797
Anthus cervinus	3
Buteo buteo	63
Pitta sordida	28
Actinodura egertoni	91
Emberiza stewarti	45
Streptopelia senegalensis	3009
Garrulus glandarius	140
Aythya marila	5
Pluvialis squatarola	89
Caprimulgus andamanicus	10
Anas poecilorhyncha	2804
Cygnus olor	1
Grus grus	104
Acrocephalus dumetorum	3336
Lophophorus sclateri	2
Pycnonotus luteolus	2547
Anthus rubescens	2
Phylloscopus inornatus/humei	10
Loxia curvirostra	6
Threskiornithidae sp. (ibis sp.)	21
Riparia riparia	42
Psilopogon duvaucelii	83
Heterophasia capistrata	314
Bucanetes mongolicus	5
Pluvialis apricaria/dominica/fulva	4
Sturnus vulgaris	98
Turdus unicolor	96
Phylloscopus fuligiventer	19
Egretta gularis	412
Gyps tenuirostris	26
Indicator xanthonotus	10
Ducula nicobarica	7
Phylloscopus chloronotus	203
Calidris subminuta	17
Eremopterix griseus	994
Calidris ruficollis/minuta	2
Perdicula manipurensis	1
Paradoxornis flavirostris	6
Sylvia nana	13
Limosa sp.	9
Procellariidae sp. (shearwater sp.)	8
Hemixos flavala	200
Carpodacus rodopeplus	4
Leiothrix argentauris	82
Phoenicurus ochruros	605
Hypocolius ampelinus	6
Schoeniparus rufogularis	11
Ficedula sapphira	21
Columba hodgsonii	20
Pseudopodoces humilis	3
Muscicapa ferruginea	24
Tadorna tadorna	21
Picidae sp.	282
Scolopax rusticola	3
Phoenicurus erythrogastrus	39
Falco naumanni	12
Turdoides subrufa	811
Chloropsis jerdoni	857
Seicercus poliogenys	81
Minla annectens	21
Dromaius novaehollandiae	1
Prunella rubeculoides	32
Timalia pileata	39
Eumyias sordidus	1
Aethopyga gouldiae	65
Dinopium shorii	64
Pycnonotus cafer	9551
Arenaria interpres	129
Limosa lapponica	63
Nisaetus limnaeetus/cirrhatus	1
Anas crecca	653
Chaetornis striata	25
Columba sp.	4
Ianthocincla albogularis	173
Esacus magnirostris	6
Eremopterix nigriceps	9
Tringa ochropus	1395
Pyrrhula erythaca	12
Lophophorus impejanus	45
Phalacrocorax fuscicollis	2313
Trochalopteron imbricatum	22
Pastor roseus	993
Hippolais sp.	23
Abroscopus superciliaris	95
Yuhina nigrimenta	36
Tetraogallus himalayensis	15
Saxicola caprata	3448
Schoeniparus dubius	8
Limosa limosa	595
Ninox obscura	16
Parulidae sp.	7
Pycnonotus fuscoflavescens	28
Ichthyaetus leucophthalmus	3
Delichon dasypus	16
Megalurus palustris	229
Ixobrychus sinensis	369
Ardeola grayii	9660
Graminicola bengalensis	1
Lanius cristatus	1774
Pavo cristatus (Domestic type)	2
Hirundapus giganteus	186
Mirafra erythroptera	445
Fulvetta vinipectus	30
Upupa epops	1807
Gyps fulvus	97
Galloperdix spadicea/lunulata	1
Pterocles exustus	170
Tyrannidae sp.	3
Aegithalos leucogenys	1
Yuhina bakeri	62
Rhipidura albicollis/aureola	1
Phylloscopus humei	493
Niltava sundara	194
Aplonis panayensis	50
Larus cachinnans	1
Rostratula benghalensis	184
Urocissa erythroryncha	233
Geopelia striata	1
Stachyris sp.	3
Pomatorhinus horsfieldii	1188
Passer montanus	263
Glareola lactea	236
Apus pallidus	1
Carduelis carduelis	21
Ficedula strophiata	159
Sypheotides indicus	14
Cyanoderma pyrrhops	223
Chloropsis aurifrons	1556
Emberiza melanocephala/bruniceps	1
Cuculus saturatus	91
Acrocephalus sp.	139
Strix leptogrammica	43
Corvus sp. (crow sp.)	550
Phylloscopus cantator	24
Egretta sacra	28
Prinia crinigera	91
Psittacula cyanocephala	2564
Psittacula finschii	1
Aerodramus sp.	5
Alcippe nipalensis	98
Passeriformes sp.	86
Prunella himalayana	23
Pluvialis fulva	407
Collocalia/Aerodramus sp.	45
Onychoprion fuscatus	10
Calandrella brachydactyla	4
Ketupa zeylonensis	304
Accipitriformes/Falconiformes sp.	215
Megapomatorhinus hypoleucos	13
Butastur teesa	535
Hirundapus caudacutus	15
Prunella immaculata	11
Muscicapa sibirica	84
Fregata sp.	2
Leptocoma minima	1157
Rhipidura albogularis/aureola	1
Gyps bengalensis	105
Acrocephalus bistrigiceps	5
Megalaimidae sp.	17
Rissa tridactyla	1
Dendrocygna javanica	2802
Chrysococcyx xanthorhynchus	14
Aves sp.	81
Apus acuticauda	4
Dendronanthus indicus	359
Dryocopus hodgei	27
Dicaeum concolor	1444
Calandrella acutirostris	30
Gyps himalayensis	290
Lonchura atricapilla	13
Glaucidium brodiei	98
Sula sula	1
Gallicrex cinerea	189
Clanga clanga	374
Stercorarius longicaudus	7
Haliaeetus albicilla	4
Anthus similis	65
Calandrella brachydactyla/acutirostris	149
Oriolus tenuirostris	6
Emberiza melanocephala	44
Aegithina nigrolutea	43
Arachnothera longirostra	731
Anthus godlewskii	73
Dinopium benghalense	4496
Horornis brunnescens	13
Turdoides sp.	32
Gallinago nemoricola	1
Buteo hemilasius	20
Ploceus benghalensis	137
Houbaropsis bengalensis	12
Prinia cinereocapilla	2
Passer sp.	55
Anthropoides virgo	63
Motacilla flava/tschutschensis	15
Anser anser (Domestic type)	1
Zoothera mollissima	2
Anser cygnoides	1
Trochalopteron squamatum	22
Carpodacus rodochroa	52
Sturnia blythii	587
Muscicapa striata	3
Apus pacificus	6
Hirundapus cochinchinensis	6
Pica pica	60
Coturnix coromandelica	57
Sylviparus modestus	67
Aquila sp.	62
Turnix sp.	35
Limnodromus scolopaceus	3
Actinodura strigula	98
Pericrocotus speciosus	373
Serinus pusillus	34
Pericrocotus divaricatus	23
Riparia chinensis	403
Charadrius hiaticula	32
Bambusicola fytchii	14
Phoenicurus leucocephalus	336
Caprimulgidae sp.	57
Aethopyga ignicauda	61
Prinia cinerascens	2
Hirundo rustica	4242
Calidris canutus	2
Glareola pratincola/maldivarum	1
Arachnothera magna	186
Picus xanthopygaeus	440
Prinia hodgsonii	1921
Pyrrhoplectes epauletta	25
Brachypteryx stellata	4
Nyctyornis athertoni	268
Turdus simillimus	418
Ficedula westermanni	91
Sphenocichla roberti	15
Larus sp.	19
Jynx torquilla	104
Gallinula chloropus	1487
Neophron percnopterus	398
Hemiprocne coronata	426
Tyto alba	118
Stercorarius maccormicki	3
Clanga pomarina/clanga	1
Cisticola exilis	18
Machlolophus nuchalis	16
Nettapus coromandelianus	935
Anas formosa	2
Phoenicurus auroreus	16
Lanius collurioides	1
Geokichla sibirica	1
Amaurornis cinerea	1
Sternula albifrons	231
Buteo refectus	59
Aquila nipalensis	258
Mirafra sp.	22
Pyrrhocorax pyrrhocorax	81
Bubo coromandus	46
Ixobrychus minutus	3
Ianthocincla nuchalis	12
Montifringilla ruficollis	1
Galerida deva	129
Apus nipalensis	41
Pittidae sp.	1
Pycnonotus priocephalus	395
Apus leuconyx	31
Chlidonias leucopterus	22
Anous tenuirostris	3
Cyornis banyumas	11
Leiothrix lutea	169
Anser/Chen/Branta sp.	6
Ninox affinis	14
Turdus feae	1
Cercotrichas galactotes	3
Calidris ruficollis	2
Cyornis magnirostris	5
Accipiter badius	3428
Megapomatorhinus mcclellandi	4
Motacilla tschutschensis	3
Iduna caligata/rama	48
Cyornis unicolor	35
Trochalopteron chrysopterum	6
Batrachostomus moniliger	130
Mergus merganser	34
Anatinae sp.	164
Ducula aenea	388
Petrochelidon fluvicola	350
Cursorius cursor	7
Dendrocopos analis	19
Sterninae sp.	265
Bradypterus sp.	1
Ficedula albicilla	497
Mulleripicus pulverulentus	18
Psittacula longicauda	50
Spelaeornis troglodytoides	12
Cinnyris asiaticus	5505
Lalage melanoptera	733
Sturnia malabarica	1307
Liocichla bugunorum	7
Athene brama	1505
Sylvia althaea	140
Sitta cinnamoventris	285
Pterocles sp.	4
Falco sp.	76
Iduna sp.	10
Phaethon lepturus	2
Pitta brachyura	539
Brachypteryx montana	21
Sylvia sp.	20
Turdus viscivorus	41
Grandala coelicolor	10
Ficedula sp.	22
Ducula bicolor	7
Otus sp.	1
Conostoma aemodium	2
Harpactes erythrocephalus	79
Stercorarius sp.	6
Streptopelia decaocto	2350
Hierococcyx sp.	12
Polyplectron bicalcaratum	60
Lophophanes dichrous	19
Dicaeum melanoxanthum	6
Prinia socialis	5819
Calidris ferruginea	210
Zoothera monticola	26
Tephrodornis virgatus/pondicerianus	46
Spizixos canifrons	27
Dendrocopos cathpharius	25
Tringa stagnatilis	679
Buteo sp.	5
Tyto longimembris	1
Melophus lathami	88
Leucosticte nemoricola	56
Dicrurus macrocercus/leucophaeus	63
Vanellus gregarius	4
Napothera malacoptila	13
Circus melanoleucos	37
Sturnia pagodarum	1649
Aquila heliaca	58
Acrocephalus stentoreus	964
Ficedula subrubra	8
Elanus caeruleus	1602
Psittacula derbiana	3
Sterna aurantia	1101
Clamator glandarius	1
Sternula saundersi	4
Hydrornis cyaneus	6
Cacomantis passerinus	435
Haliastur indus	6722
Francolinus pondicerianus	2678
Prunella fulvescens	16
Circus macrourus/pygargus	20
Fringillidae sp.	12
Tragopan satyra	7
Chroicocephalus brunnicephalus	550
Petronia xanthocollis	771
Fregata minor	1
Clanga hastata/clanga	1
Prunella collaris	28
Apus melba	260
Cuculidae sp.	1
Enicurus leschenaulti	11
Pellorneum palustre	13
Galerida malabarica	231
Calidris pugnax	407
Yuhina occipitalis	55
Buceros bicornis	333
Limnodromus semipalmatus	2
Accipiter trivirgatus	274
Chrysocolaptes guttacristatus	961
Accipitridae sp. (hawk sp.)	17
Falco peregrinus	315
Locustella lanceolata	1
Hierococcyx varius	2490
Phoenicopteridae sp.	4
Aegithalos concinnus	314
Emberiza fucata	13
Geokichla wardii	23
Phylloscopus xanthoschistos	613
Seicercus burkii	66
Dendrocopos mahrattensis	249
Tragopan temminckii	3
Acrocephalus melanopogon	48
Sturnia malabarica/blythii	86
Cuculus micropterus	408
Dicaeum ignipectus	106
Dendrocitta/Crypsirina/Temnurus sp.	1
Haematopus ostralegus	49
Oriolus chinensis	335
Buteo rufinus	95
Pernis ptilorhynchus	1532
Ficedula albicilla/parva	28
Bubo bubo	1
Ardea sp.	1
Gecinulus grantia	19
Anas platyrhynchos (Domestic type)	2
Pellorneum albiventre	2
Pteruthius flaviscapis	1
Glaucidium cuculoides	269
Actitis hypoleucos	3006
Pericrocotus solaris	51
Aerodramus unicolor	865
Locustella kashmirensis	1
Ianthocincla gularis	2
Prinia sp.	173
Suthora nipalensis	26
Jacanidae sp.	2
Cecropis daurica	2900
Galloperdix lunulata	96
Oenanthe deserti	159
Certhia nipalensis	10
Hierococcyx sparverioides	183
Lonchura punctulata	2141
Hypothymis azurea	1221
Merops philippinus	2463
Parus cinereus	2474
Carpodacus thura	12
Ibidorhyncha struthersii	25
Pachycephala cinerea	14
Accipiter sp.	190
Estrildidae sp.	4
Urosphena pallidipes	7
Gyps himalayensis/fulvus	3
Ardea purpurea	3741
Tephrodornis virgatus	104
Ploceus megarhynchus	5
Perdicula erythrorhyncha	33
Motacilla alba/maderaspatensis	1
Hirundo smithii	1464
Acrocephalus orientalis	3
Ephippiorhynchus asiaticus	181
Polyplectron chalcurum	1
Zapornia bicolor	7
Schoeniparus castaneceps	75
Falco subbuteo	42
Heterophasia picaoides	55
Rallina eurizonoides	8
Dinopium javanense/Chrysocolaptes guttacristatus	142
Motacilla maderaspatensis	3091
Periparus rufonuchalis	31
Trochalopteron affine	43
Pellorneum tickelli	10
Cyanoderma ruficeps	78
Turdus boulboul	212
Phylloscopus trochiloides/plumbeitarsus	1
Prunella atrogularis	8
Ammomanes deserti	6
Turdinus abbotti	24
Sterna acuticauda	41
Apus apus	17
Phylloscopus reguloides	108
Columba elphinstonii	137
Fregata ariel	1
Oceanodroma monorhis	69
Passer hispaniolensis	15
Treron curvirostra	35
Culicicapa ceylonensis	1001
Pavo cristatus	3971
Picus canus	329
Carpodacus rubicilloides	2
Circus spilonotus	6
Acrocephalus agricola/dumetorum	1
Salpornis spilonotus	10
Saxicola ferreus	578
Anthracoceros albirostris	171
Delichon nipalense	62
Mycerobas icterioides	19
Gallinago solitaria	3
Cypsiurus balasiensis	3432
Pinicola subhimachala	7
Pteruthius aeralatus	34
Aerodramus fuciphagus	11
Dendrocopos himalayensis	128
Ianthocincla caerulata	35
Cursorius coromandelicus	110
Lonchura striata	1379
Gypaetus barbatus	79
Anthus roseatus	130
Gallinula chloropus/galeata	3
Anorrhinus austeni	7
Pellorneum ruficeps	1530
Tringa glareola	2279
Carpodacus erythrinus	413
Ichthyophaga humilis/ichthyaetus	21
Stachyris nigriceps	99
Myophonus horsfieldii	1779
Cyornis rubeculoides	233
Merops persicus/philippinus	1
Lanius sp.	100
Pycnonotus cafer/jocosus	22
Ketupa flavipes	21
Dendrocitta bayleii	17
Calliope calliope	53
Apus sp.	21
Strix nivicolum	14
Turdoides affinis	3906
Ichthyophaga humilis	117
Asarcornis scutulata	11
Chelidorhynx hypoxantha	211
Anthus hodgsoni	366
Anas falcata	7
Iduna aedon	99
Aviceda jerdoni	22
Caprimulgus affinis	98
Pericrocotus erythropygius	33
Surniculus lugubris	88
Anthus sylvanus	27
Pomatorhinus ruficollis	53
Calonectris diomedea	1
Arborophila mandellii	11
Ficedula nigrorufa	104
Phaethon aethereus	1
Fringilla montifringilla	1
Accipiter nisus	163
Alcippe poioicephala	707
Coracias benghalensis	2575
Marmaronetta angustirostris	2
Surniculus dicruroides	135
Dicrurus caerulescens	866
Chlamydotis macqueenii	10
Gampsorhynchus rufulus	27
Locustella naevia	13
Dicrurus aeneus	2045
Arachnothera sp.	10
Otus spilocephalus	39
Charadriidae sp.	64
Fulvetta manipurensis	21
Threskiornis melanocephalus	3162
Rallus aquaticus	10
Rhopocichla atriceps	561
Caprimulgus asiaticus	166
Pycnonotus gularis	810
Anas albogularis	17
Dendrocygna bicolor	131
Hypsipetes virescens	1
Cyornis sp.	30
Liocichla phoenicea	17
Charadriiformes sp.	90
Ardenna pacifica	2
Phalacrocorax carbo	1623
Halcyon coromanda	16
Schoeniparus cinereus	55
Leptoptilos javanicus	302
Phylloscopus affinis	205
Phalaropus fulicarius	2
Prunella strophiata	77
Nisaetus sp.	3
Cygnus atratus	1
Podicipedidae sp.	7
Pucrasia macrolopha	46
Carpodacus nipalensis	22
Tarsiger rufilatus	95
Phylloscopus magnirostris	399
Brachypteryx albiventris	33
Tesia cyaniventer	75
Acridotheres sp. (black myna sp.)	1
Stercorarius pomarinus/parasiticus	8
Psittiparus gularis	8
Treron sphenurus	104
Anas acuta	947
Phoeniconaias minor	75
Milvus migrans	7596
Bucerotidae sp.	1
Gelochelidon nilotica	576
Prinia buchanani	94
Anser indicus	449
Schoenicola platyurus	10
Anas clypeata	1011
Amandava amandava	603
Cecropis striolata	25
Stachyris humei	7
Gallinago gallinago/stenura	1
Recurvirostra avosetta	189
Zapornia fusca	146
Rhipidura sp.	12
Anthus spinoletta	10
Hierococcyx nisicolor	24
Acridotheres tristis	12509
Burhinus oedicnemus	1
Gallirallus striatus	47
Ianthocincla delesserti	54
Ciconia sp.	1
Sterna repressa	3
Calidris subruficollis	1
Pericrocotus sp.	89
Anser anser	254
Chalcoparia singalensis	37
Cutia nipalensis	27
Psilopogon lineatus	398
Scolopacidae sp.	1
Athene noctua	6
Alcedo meninting	71
Alophoixus flaveolus	174
Cuculus poliocephalus	55
Cettia brunnifrons	56
Nisaetus nipalensis	92
Oriolus sp.	65
Lymnocryptes minimus	34
Dicrurus remifer	165
Motacilla citreola	667
Horornis fortipes/acanthizoides	1
Carpodacus pulcherrimus	7
Dicaeum minullum	111
Synoicus chinensis	1
Microhierax caerulescens	47
Circus pygargus	176
Charadrius asiaticus	3
Anhinga melanogaster	2398
Calonectris leucomelas	5
Ficedula ruficauda	206
Paridae sp.	6
Aethopyga nipalensis	165
Francolinus pictus	98
Megaceryle lugubris	151
Bubo bengalensis	150
Ciconia nigra	131
Lanius phoenicuroides/isabellinus	10
Aquila chrysaetos	39
Pomatorhinus sp.	1
Chloropsis hardwickii	171
Pomatorhinus ferruginosus	15
Turdoides malcolmi	1216
Turdoides caudata	492
Sitta nagaensis	6
Phylloscopus collybita	329
Anthus campestris	232
Dromas ardeola	24
Turdinus brevicaudatus	3
Merops persicus	219
Tadorna ferruginea	714
Trochalopteron austeni	3
Phylloscopus tytleri	41
Plegadis falcinellus	1397
Sterna hirundo	164
Aquila fasciata	212
Copsychus albiventris	21
Charadrius mongolus/leschenaultii	59
Gallinago stenura	199
Periparus ater	165
Grammatoptila striata	162
Terpsiphone paradisi	2165
Chlidonias sp.	1
Pycnonotus flavescens	16
Calliope pectardens	2
Copsychus fulicatus	3729
Numenius phaeopus/arquata	1
Zoothera salimalii	1
Cinnyris jugularis	54
Coracina macei	703
Cettia castaneocoronata	87
Vanellus vanellus	73
Emberiza schoeniclus	1
Blythipicus pyrrhotis	84
Dicrurus macrocercus	9785
Ardea insignis	1
Niltava grandis	75
Oceanodroma sp.	3
Ciconia ciconia	37
Acridotheres fuscus	4442
Phylloscopus pulcher	122
Emberiza buchanani	43
Merops orientalis	6490
Caprimulgus indicus	128
Aegithina tiphia/nigrolutea	4
Pycnonotus flaviventris	271
Phylloscopus sp.	273
Turdus obscurus	3
Chrysomma altirostre	16
Zoothera neilgherriensis	19
Alectoris chukar	54
Charadrius leschenaultii	223
SCIENTIFIC NAME	1
Aegithalos niveogularis	7
Centropus andamanensis	61
Chlidonias hybrida	1673
Pterocles indicus	40
Emberiza aureola	2
Xema sabini	1
Myophonus caeruleus	767
Streptopelia sp.	23
Butorides striata	501
Prinia gracilis	107
Delichon urbicum	37
Anas strepera	497
Vanellus malabaricus	791
Accipitridae sp. (eagle sp.)	145
Trochalopteron cachinnans	45
Surniculus dicruroides/lugubris	19
Riparia diluta	37
Alauda arvensis	2
Prinia burnesii	1
Egretta garzetta	5873
Cinclidium frontale	19
Emberiza bruniceps	82
Oriolus oriolus/kundoo	2
Trochalopteron lineatum	331
Dendrocopos macei	224
Charadrius sp.	32
Calidris sp. (peep sp.)	42
Anas penelope	443
Ixobrychus flavicollis	270
Sitta yunnanensis	5
Sterna sumatrana	18
Phoenicurus frontalis	123
Sylvia minula	12
Calidris melanotos	2
Progne sp.	5
Geokichla citrina	1341
Tachybaptus ruficollis	2711
Psittacula krameri	7858
Lanius meridionalis	216
Carpodacus rubescens	2
Ammomanes phoenicura	468
Cisticola sp.	17
Ianthocincla galbana	3
Phodilus assimilis	15
Onychoprion fuscatus/anaethetus	1
Turdus sp.	12
Lioparus chrysotis	28
Columba punicea	3
Halcyon smyrnensis	11176
Anser serrirostris	2
Nisaetus limnaeetus	102
Abroscopus albogularis	22
Cacomantis sp.	7
Ceyx erithaca	37
Certhia hodgsoni	18
Melanocorypha maxima	5
Garrulax merulinus	3
Phylloscopus borealis	2
Dendrocitta frontalis	38
Oenanthe sp.	6
Tyto deroepstorffi	3
Phodilus badius	7
Phylloscopus nitidus	301
Tetraogallus tibetanus	3
Falco chicquera	89
Thalasseus bergii	172
Pycnonotus leucotis	305
Pseudibis papillosa	1154
Prionochilus/Dicaeum sp.	203
Brachypteryx leucophris	45
Leptopoecile sophiae	6
Columbidae sp.	146
Callacanthis burtoni	16
Picus chlorolophus/flavinucha	2
Iole indica	1865
Melanochlora sultanea	87
Tockus sp.	3
Rhipidura albogularis	567
Trochalopteron virgatum	6
Ardeola sp.	166
Coracina dobsoni	9
Himantopus himantopus	2523
Charadrius placidus	6
Aythya sp.	4
Columba leuconota	34
Nycticorax nycticorax	1233
Oenanthe isabellina	76
Phoenicurus coeruleocephala	89
Zoothera dauma	35
Dendrocygna sp.	54
Psilopogon sp.	28
Riparia sp.	4
Thalasseus sandvicensis	41
Cinnyris lotenius	1706
Oenanthe picata	115
Apodidae sp. (small swift sp.)	52
Enicurus scouleri	53
Burhinus indicus	282
Iduna rama	269
Trochalopteron variegatum	63
Haliaeetus leucogaster	296
Cissa chinensis	103
Zoothera sp.	2
Haematospiza sipahi	35
Ianthocincla pectoralis	67
Anser albifrons	7
Monticola sp.	4
Psittacula columboides	1337
Cyanoptila cyanomelana	1
Aerodramus brevirostris	110
Cercomela fusca	529
Mirafra affinis	1140
Calidris alpina	65
Pycnonotus striatus	89
Machlolophus aplonotus	409
Lophura leucomelanos	222
Pericrocotus cantonensis	22
Muscicapidae sp.	2
Falco amurensis	39
Porphyrio/Gallinula/Fulica sp.	38
Sarcogyps calvus	122
Grus nigricollis	19
Aethopyga saturata	122
Phylloscopus maculipennis	107
Dicaeum virescens	22
Psittacula himalayana	265
Streptopelia tranquebarica	469
Leucogeranus leucogeranus	1
Rhyticeros narcondami	2
Fulica sp.	1
Seicercus tephrocephalus	15
Leucosticte brandti	41
Rallidae sp. (rail/crake sp.)	13
Caprimulgus atripennis	157
Charadrius mongolus	466
Falco cherrug	6
Rallus indicus	4
Corvus splendens	12538
Ketupa ketupu	4
Monticola saxatilis	1
Oriolus kundoo/chinensis	2
Branta ruficollis	1
Numenius sp.	3
Perdicula asiatica	240
Phylloscopus fuscatus	74
Gallinago sp.	156
Pluvialis dominica/fulva	1
Copsychus malabaricus	489
Cyornis concretus	13
Treron phayrei	19
Hypsipetes ganeesa	407
Gygis alba	1
Pelargopsis amauroptera	20
Bubulcus ibis	7334
Muscicapa sp.	19
Ianthocincla rufogularis	42
Turnix tanki	11
Hemipus picatus	589
Harpactes fasciatus	475
Prinia flaviventris	146
Garrulax leucolophus	193
Dicrurus paradiseus	3595
Emberiza cia	112
Tringa nebularia	1131
Ardeotis nigriceps	20
Gracupica contra	1659
Ficedula superciliaris	198
Treron chloropterus	26
Pyrrhocorax graculus	42
Oriolus xanthornus	3705
Dendrocopos nanus/canicapillus	20
Psittacula roseata	18
Macropygia rufipennis	8
Taccocua leschenaultii	129
Ampeliceps coronatus	3
Chloropsis sp.	149
Lanius collurio	1
Microcarbo niger/Phalacrocorax fuscicollis	213
Psittaciformes sp. (parakeet sp.)	126
Chrysocolaptes festivus	153
Glareola maldivarum	50
Aythya baeri	11
Carpospiza brachydactyla	1
Garrulax sp.	8
Carpodacus grandis	6
Ciconia episcopus	964
Coracina sp.	3
Carpodacus puniceus	6
Emberiza rutila	1
Pteruthius ripleyi	43
Ficedula zanthopygia	1
Dendrocopos darjellensis	23
Pernis apivorus/ptilorhynchus	2
Gracula religiosa	200
Saxicola macrorhynchus	17
Treron bicinctus	90
Sarkidiornis melanotos	385
Acridotheres sp.	19
Aegypius monachus	74
Leptoptilos dubius	314
Locustella sp.	2
Psilopogon asiaticus	919
Alauda gulgula	706
Cuculus sp.	39
Psittacula alexandri	213
Pnoepyga immaculata	22
Tarsiger hyperythrus	11
Todiramphus chloris	106
Parus sp.	1
Chroicocephalus ridibundus	380
Calidris sp.	2
Mesophoyx intermedia	3945
Zapornia parva	1
Stercorarius parasiticus	73
Locustella tacsanowskia	1
Ptyonoprogne concolor	877
Apodidae sp.	357
Accipiter virgatus	108
Phylloscopus neglectus	2
Rhinoptilus bitorquatus	1
Gyps sp.	30
Coracias garrulus	76
Eumyias albicaudatus	178
Treron sp.	76
Ficedula tricolor	144
Periparus rubidiventris	28
Otus sunia	118
Monticola rufiventris	158
Asio flammeus	36
Pitta megarhyncha	19
Vanellus sp.	40
Phylloscopus subviridis	11
Phylloscopus inornatus	186
Tarsiger indicus	17
Prunella sp.	1
Microcarbo niger	7419
Athene blewitti	8
Myzornis pyrrhoura	15
Porphyrio sp. (swamphen sp.)	6
Garrulus lanceolatus	169
Otus balli	10
Lanius tephronotus	255
Montifringilla blanfordi	7
Dicaeum sp.	194
Collocalia esculenta	83
Cisticola juncidis	1445
Accipitridae sp. (old world vulture sp.)	9
Megapomatorhinus erythrogenys	228
Seicercus sp.	14
Cinclus cinclus	13
Fringilla coelebs	2
Cochoa viridis	14
Troglodytes troglodytes	49
Rhipidura albicollis	518
Serilophus lunatus	20
Sylvia communis	2
Carpodacus rubicilla	21
Syrrhaptes tibetanus	6
Saxicola jerdoni	2
Ianthocincla sannio	7
Yuhina castaniceps	33
Fulica atra	2241
Turdoides striata	4699
Minla ignotincta	70
Aethopyga vigorsii	120
Amaurornis phoenicurus	3919
Dendrocopos sp.	2
Pericrocotus cinnamomeus	1659
Pycnonotus xantholaemus	106
Seicercus whistleri	186
Gorsachius melanolophus	17
Vanellus leucurus	136
Spelaeornis caudatus	11
Brachypteryx sp.	1
Loriculus vernalis	2389
Caprimulgus jotaka	34
Alcedo atthis	3099
Arborophila rufogularis	15
Ixobrychus sp.	9
Alcedinidae sp.	29
Caloenas nicobarica	1
Merops viridis	1
Perdicula argoondah	35
Lanius phoenicuroides	1
Stercorarius sp. (jaeger sp.)	26
Perdix hodgsoniae	3
Actinodura cyanouroptera	165
Sitta leucopsis	14
Glaucidium sp.	1
Zoothera dixoni	7
Leptocoma zeylonica	7447
Aethopyga siparaja	338
Emberiza godlewskii	2
Tichodroma muraria	42
Otus brucei	19
Pomatorhinus ochraceiceps	15
Coracias sp.	6
Alcedo hercules	4
Circus macrourus	173
Numenius phaeopus	302
Francolinus francolinus	230
Acridotheres tristis/fuscus	285
Columba rupestris	60
Psilopogon virens	534
Streptopelia chinensis	8817
Sitta frontalis	941
Actinodura waldeni	26
Accipiter soloensis	4
Chleuasicus atrosuperciliaris	15
Anthus pratensis/trivialis	1
Seicercus castaniceps	83
Urocissa flavirostris	140
Melanocorypha bimaculata	18
Tephrodornis pondicerianus	914
